{
  "CC.PR03": [
    352,
    289,
    573671.7508870125,
    5194883.516079228
  ],
  "CC.PR01": [
    278,
    250,
    573289.4249347282,
    5195623.454365357
  ],
  "CC.PR02": [
    188,
    165,
    572433.0839572935,
    5196524.3586904155
  ]
}